{
  "r2": 0.03707587856167993,
  "accuracy": 0.6204238921001927,
  "f1_macro": 0.6014778368920591
}