{
  "r2": -0.010233885353946981,
  "accuracy": 0.6840077071290944,
  "f1_macro": 0.6627054153729941,
  "f1_contradict": 0.5299145299145299
}